genotype,concentration.uM,replicate,value
pUltra,10,1,8164
pUltra,3.162278,1,1173004
pUltra,1,1,1284892
pUltra,0.316228,1,1276220
pUltra,0.1,1,1348940
pUltra,0.031623,1,1431660
pUltra,0.01,1,1800068
pUltra,0.003162,1,2169580
pUltra,0.001,1,2493052
pUltra,0.000316,1,2672140
pUltra,10,2,11900
pUltra,3.162278,2,1094540
pUltra,1,2,1196616
pUltra,0.316228,2,1228484
pUltra,0.1,2,1279396
pUltra,0.031623,2,1431264
pUltra,0.01,2,1888564
pUltra,0.003162,2,2119080
pUltra,0.001,2,2499348
pUltra,0.000316,2,2608184
pUltra,10,3,13748
pUltra,3.162278,3,1110328
pUltra,1,3,1121048
pUltra,0.316228,3,1185064
pUltra,0.1,3,1203212
pUltra,0.031623,3,1388700
pUltra,0.01,3,1710224
pUltra,0.003162,3,2040012
pUltra,0.001,3,2342460
pUltra,0.000316,3,2432724
BRAF V600E,10,1,33208
BRAF V600E,3.162278,1,402300
BRAF V600E,1,1,706820
BRAF V600E,0.316228,1,724812
BRAF V600E,0.1,1,708924
BRAF V600E,0.031623,1,730940
BRAF V600E,0.01,1,761612
BRAF V600E,0.003162,1,840936
BRAF V600E,0.001,1,859112
BRAF V600E,0.000316,1,836576
BRAF V600E,10,2,23516
BRAF V600E,3.162278,2,338280
BRAF V600E,1,2,692600
BRAF V600E,0.316228,2,710868
BRAF V600E,0.1,2,701196
BRAF V600E,0.031623,2,719736
BRAF V600E,0.01,2,755640
BRAF V600E,0.003162,2,775604
BRAF V600E,0.001,2,793812
BRAF V600E,0.000316,2,771988
BRAF V600E,10,3,20620
BRAF V600E,3.162278,3,262144
BRAF V600E,1,3,660852
BRAF V600E,0.316228,3,689244
BRAF V600E,0.1,3,679928
BRAF V600E,0.031623,3,683232
BRAF V600E,0.01,3,749212
BRAF V600E,0.003162,3,750628
BRAF V600E,0.001,3,805500
BRAF V600E,0.000316,3,769140
CD74-TrkA,10,1,6224
CD74-TrkA,3.162278,1,643572
CD74-TrkA,1,1,1289068
CD74-TrkA,0.316228,1,1326268
CD74-TrkA,0.1,1,1340108
CD74-TrkA,0.031623,1,1339564
CD74-TrkA,0.01,1,1473768
CD74-TrkA,0.003162,1,1505260
CD74-TrkA,0.001,1,1584552
CD74-TrkA,0.000316,1,1533872
CD74-TrkA,10,2,6080
CD74-TrkA,3.162278,2,779308
CD74-TrkA,1,2,1339112
CD74-TrkA,0.316228,2,1353172
CD74-TrkA,0.1,2,1397400
CD74-TrkA,0.031623,2,1403308
CD74-TrkA,0.01,2,1428952
CD74-TrkA,0.003162,2,1623720
CD74-TrkA,0.001,2,1687904
CD74-TrkA,0.000316,2,1621456
CD74-TrkA,10,3,7848
CD74-TrkA,3.162278,3,761584
CD74-TrkA,1,3,1307216
CD74-TrkA,0.316228,3,1336340
CD74-TrkA,0.1,3,1326744
CD74-TrkA,0.031623,3,1380240
CD74-TrkA,0.01,3,1403352
CD74-TrkA,0.003162,3,1484604
CD74-TrkA,0.001,3,1556048
CD74-TrkA,0.000316,3,1496372
CCDC6-RET,10,1,9952
CCDC6-RET,3.162278,1,737344
CCDC6-RET,1,1,950980
CCDC6-RET,0.316228,1,946860
CCDC6-RET,0.1,1,982272
CCDC6-RET,0.031623,1,1021904
CCDC6-RET,0.01,1,1157376
CCDC6-RET,0.003162,1,1315940
CCDC6-RET,0.001,1,1382920
CCDC6-RET,0.000316,1,1446540
CCDC6-RET,10,2,8444
CCDC6-RET,3.162278,2,579292
CCDC6-RET,1,2,902248
CCDC6-RET,0.316228,2,929672
CCDC6-RET,0.1,2,961700
CCDC6-RET,0.031623,2,997752
CCDC6-RET,0.01,2,1127456
CCDC6-RET,0.003162,2,1255840
CCDC6-RET,0.001,2,1352604
CCDC6-RET,0.000316,2,1376268
CCDC6-RET,10,3,7924
CCDC6-RET,3.162278,3,575816
CCDC6-RET,1,3,827824
CCDC6-RET,0.316228,3,952476
CCDC6-RET,0.1,3,927684
CCDC6-RET,0.031623,3,937048
CCDC6-RET,0.01,3,1030232
CCDC6-RET,0.003162,3,1167808
CCDC6-RET,0.001,3,1279120
CCDC6-RET,0.000316,3,1334924
FGFR1-TACC1,10,1,36660
FGFR1-TACC1,3.162278,1,953936
FGFR1-TACC1,1,1,1319684
FGFR1-TACC1,0.316228,1,1334092
FGFR1-TACC1,0.1,1,1370372
FGFR1-TACC1,0.031623,1,1383856
FGFR1-TACC1,0.01,1,1406136
FGFR1-TACC1,0.003162,1,1469896
FGFR1-TACC1,0.001,1,1562312
FGFR1-TACC1,0.000316,1,1500476
FGFR1-TACC1,10,2,15076
FGFR1-TACC1,3.162278,2,829636
FGFR1-TACC1,1,2,1331432
FGFR1-TACC1,0.316228,2,1296980
FGFR1-TACC1,0.1,2,1311268
FGFR1-TACC1,0.031623,2,1325128
FGFR1-TACC1,0.01,2,1333804
FGFR1-TACC1,0.003162,2,1398432
FGFR1-TACC1,0.001,2,1478168
FGFR1-TACC1,0.000316,2,1416580
FGFR1-TACC1,10,3,7872
FGFR1-TACC1,3.162278,3,779684
FGFR1-TACC1,1,3,1200632
FGFR1-TACC1,0.316228,3,1236816
FGFR1-TACC1,0.1,3,1250248
FGFR1-TACC1,0.031623,3,1233816
FGFR1-TACC1,0.01,3,1250820
FGFR1-TACC1,0.003162,3,1284596
FGFR1-TACC1,0.001,3,1375912
FGFR1-TACC1,0.000316,3,1414052
FGFR2-MCU,10,1,8328
FGFR2-MCU,3.162278,1,700328
FGFR2-MCU,1,1,1130200
FGFR2-MCU,0.316228,1,1208104
FGFR2-MCU,0.1,1,1222920
FGFR2-MCU,0.031623,1,1197244
FGFR2-MCU,0.01,1,1303236
FGFR2-MCU,0.003162,1,1381380
FGFR2-MCU,0.001,1,1529756
FGFR2-MCU,0.000316,1,1505120
FGFR2-MCU,10,2,12040
FGFR2-MCU,3.162278,2,922324
FGFR2-MCU,1,2,1259384
FGFR2-MCU,0.316228,2,1271048
FGFR2-MCU,0.1,2,1293156
FGFR2-MCU,0.031623,2,1310012
FGFR2-MCU,0.01,2,1431204
FGFR2-MCU,0.003162,2,1489140
FGFR2-MCU,0.001,2,1620716
FGFR2-MCU,0.000316,2,1534848
FGFR2-MCU,10,3,11104
FGFR2-MCU,3.162278,3,827400
FGFR2-MCU,1,3,1235928
FGFR2-MCU,0.316228,3,1229768
FGFR2-MCU,0.1,3,1235484
FGFR2-MCU,0.031623,3,1255352
FGFR2-MCU,0.01,3,1341900
FGFR2-MCU,0.003162,3,1420424
FGFR2-MCU,0.001,3,1490996
FGFR2-MCU,0.000316,3,1500224
FGFR3-TACC3,10,1,6860
FGFR3-TACC3,3.162278,1,757768
FGFR3-TACC3,1,1,958440
FGFR3-TACC3,0.316228,1,980360
FGFR3-TACC3,0.1,1,995308
FGFR3-TACC3,0.031623,1,1036772
FGFR3-TACC3,0.01,1,1125800
FGFR3-TACC3,0.003162,1,1283984
FGFR3-TACC3,0.001,1,1359064
FGFR3-TACC3,0.000316,1,1361844
FGFR3-TACC3,10,2,5376
FGFR3-TACC3,3.162278,2,683252
FGFR3-TACC3,1,2,925688
FGFR3-TACC3,0.316228,2,924448
FGFR3-TACC3,0.1,2,928756
FGFR3-TACC3,0.031623,2,968296
FGFR3-TACC3,0.01,2,1031732
FGFR3-TACC3,0.003162,2,1193892
FGFR3-TACC3,0.001,2,1277500
FGFR3-TACC3,0.000316,2,1278432
FGFR3-TACC3,10,3,4468
FGFR3-TACC3,3.162278,3,660592
FGFR3-TACC3,1,3,864104
FGFR3-TACC3,0.316228,3,901576
FGFR3-TACC3,0.1,3,895144
FGFR3-TACC3,0.031623,3,887596
FGFR3-TACC3,0.01,3,970392
FGFR3-TACC3,0.003162,3,1089336
FGFR3-TACC3,0.001,3,1225588
FGFR3-TACC3,0.000316,3,1123964
FGFR4 V550E,10,1,3868
FGFR4 V550E,3.162278,1,457240
FGFR4 V550E,1,1,948148
FGFR4 V550E,0.316228,1,1033560
FGFR4 V550E,0.1,1,1036020
FGFR4 V550E,0.031623,1,1039112
FGFR4 V550E,0.01,1,1106660
FGFR4 V550E,0.003162,1,1197076
FGFR4 V550E,0.001,1,1278164
FGFR4 V550E,0.000316,1,1192688
FGFR4 V550E,10,2,4944
FGFR4 V550E,3.162278,2,669180
FGFR4 V550E,1,2,1038552
FGFR4 V550E,0.316228,2,1095232
FGFR4 V550E,0.1,2,1089604
FGFR4 V550E,0.031623,2,1122816
FGFR4 V550E,0.01,2,1192120
FGFR4 V550E,0.003162,2,1355816
FGFR4 V550E,0.001,2,1443848
FGFR4 V550E,0.000316,2,1378252
FGFR4 V550E,10,3,6204
FGFR4 V550E,3.162278,3,654008
FGFR4 V550E,1,3,1010536
FGFR4 V550E,0.316228,3,1091796
FGFR4 V550E,0.1,3,1095104
FGFR4 V550E,0.031623,3,1124560
FGFR4 V550E,0.01,3,1204728
FGFR4 V550E,0.003162,3,1295760
FGFR4 V550E,0.001,3,1386308
FGFR4 V550E,0.000316,3,1295988