1,0,4725,25,250,0,0
251,0.14334,4711,25,245,0,0
501,0.29966,4676,24,245,0,0
751,0.46135,4667,22,248,0,0
1001,0.61812,4624,21,250,0,0
1251,0.78839,4595,19,247,0,0
1501,0.96239,4568,19,246,0,0
1751,1.1324,4543,19,245,0,0
2001,1.3047,4524,19,250,0,0
2251,1.4902,4521,20,250,0,0
2501,1.6649,4481,23,253,0,0
2751,1.8259,4463,24,258,0,0
3001,1.9951,4429,23,261,0,0
3251,2.166,4405,23,255,0,0
3501,2.3324,4412,24,261,0,0
3751,2.5071,4385,24,262,0,0
4001,2.6739,4360,23,262,0,0
4251,2.8369,4316,25,268,0,0
4501,3.0064,4295,26,268,0,0
4751,3.174,4264,26,271,0,0
5001,3.3429,4202,25,278,0,0
5251,3.521,4162,25,276,0,0
5501,3.6926,4155,24,280,0,0
5751,3.8457,4158,25,282,0,0
6001,4.0355,4152,25,282,0,0
6251,4.2063,4133,25,283,0,0
6501,4.3745,4114,24,285,0,0
6751,4.5568,4103,22,282,0,0
7001,4.7216,4053,22,288,0,0
7251,4.8866,4013,19,285,0,0
7501,5.0809,3993,18,292,0,0
7751,5.2647,3986,18,287,0,0
8001,5.4478,3952,19,290,0,0
8251,5.6284,3925,19,291,0,0
8501,5.8383,3875,19,291,0,0
8751,6.0405,3861,19,299,0,0
9001,6.2476,3844,20,297,0,0
9251,6.4645,3821,20,300,0,0
9501,6.6569,3773,18,302,0,0
9751,6.8448,3760,18,305,0,0
10001,7.0381,3702,18,311,0,0
10251,7.2423,3650,21,308,0,0
10501,7.4412,3600,20,307,0,0
10751,7.64,3592,21,304,0,0
11001,7.8443,3557,21,303,0,0
11251,8.0505,3543,21,305,0,0
11501,8.2837,3501,21,307,0,0
11751,8.497,3492,20,307,0,0
12001,8.7082,3454,21,310,0,0
12251,8.9168,3418,21,310,0,0
12501,9.1704,3396,22,305,0,0
12751,9.3997,3396,21,306,0,0
13001,9.6196,3360,23,298,0,0
13251,9.7969,3345,24,294,0,0
13501,10.01,3307,26,300,0,0
13751,10.237,3268,26,303,0,0
14001,10.467,3248,25,302,0,0
14251,10.712,3218,25,304,0,0
14501,10.936,3191,24,306,0,0
14751,11.188,3185,22,306,0,0
15001,11.436,3159,22,306,0,0
15251,11.682,3136,23,306,0,0
15501,11.958,3106,24,315,0,0
15751,12.226,3103,26,322,0,0
16001,12.456,3086,25,324,0,0
16251,12.696,3077,25,325,0,0
16501,12.92,3050,25,322,0,0
16751,13.135,3038,23,312,0,0
17001,13.38,3015,23,319,0,0
17251,13.648,2995,23,323,0,0
17501,13.916,2969,25,329,0,0
17751,14.16,2964,25,336,0,0
18001,14.408,2937,25,329,0,0
18251,14.643,2932,23,330,0,0
18501,14.902,2900,22,321,0,0
18751,15.159,2850,21,322,0,0
19001,15.436,2822,21,326,0,0
19251,15.696,2787,21,333,0,0
19501,15.954,2752,21,336,0,0
19751,16.207,2749,20,330,0,0
20001,16.457,2713,20,340,0,0
20251,16.729,2709,20,344,0,0
20501,16.982,2690,19,352,0,0
20751,17.274,2671,19,355,0,0
21001,17.534,2670,17,358,0,0
21251,17.787,2635,20,358,0,0
21501,18.066,2612,21,356,0,0
21751,18.362,2601,21,345,0,0
22001,18.629,2549,20,344,0,0
22251,18.914,2521,21,345,0,0
22501,19.196,2524,19,364,0,0
22751,19.498,2491,18,364,0,0
23001,19.746,2466,18,367,0,0
23251,20.067,2449,17,375,0,0
23501,20.352,2440,16,375,0,0
23751,20.632,2397,16,384,0,0
24001,20.909,2393,16,386,0,0
24251,21.188,2372,16,385,0,0
24501,21.486,2354,16,373,0,0
24751,21.756,2312,16,379,0,0
25001,22.034,2326,15,368,0,0
25251,22.296,2319,15,375,0,0
25501,22.579,2301,15,371,0,0
25751,22.911,2270,15,376,0,0
26001,23.23,2236,14,381,0,0
26251,23.542,2200,15,384,0,0
26501,23.865,2162,16,385,0,0
26751,24.188,2143,18,374,0,0
27001,24.52,2130,18,381,0,0
27251,24.832,2122,18,377,0,0
27501,25.185,2105,18,378,0,0
27751,25.483,2085,18,380,0,0
28001,25.801,2103,17,389,0,0
28251,26.13,2082,16,405,0,0
28501,26.449,2065,15,399,0,0
28751,26.788,2041,16,396,0,0
29001,27.159,2014,15,402,0,0
29251,27.486,2010,15,408,0,0
29501,27.818,2011,15,401,0,0
29751,28.18,1965,14,408,0,0
30001,28.525,1956,14,413,0,0
30251,28.9,1921,14,406,0,0
30501,29.229,1921,14,402,0,0
30751,29.598,1894,14,403,0,0
31001,29.94,1898,13,396,0,0
31251,30.269,1870,14,401,0,0
31501,30.631,1862,15,412,0,0
31751,31.039,1840,14,409,0,0
32001,31.383,1826,15,404,0,0
32251,31.718,1783,15,417,0,0
32501,32.109,1754,13,416,0,0
32751,32.47,1698,12,419,0,0
33001,32.855,1670,12,419,0,0
33251,33.27,1659,12,424,0,0
33501,33.729,1608,12,433,0,0
33751,34.091,1585,13,433,0,0
34001,34.483,1543,13,435,0,0
34251,34.873,1522,12,433,0,0
34501,35.293,1515,12,426,0,0
34751,35.679,1485,12,428,0,0
35001,36.112,1473,12,436,0,0
35251,36.543,1463,12,434,0,0
35501,36.985,1440,12,451,0,0
35751,37.37,1441,11,443,0,0
36001,37.848,1443,9,441,0,0
36251,38.298,1436,8,449,0,0
36501,38.746,1412,11,456,0,0
36751,39.192,1398,13,458,0,0
37001,39.623,1382,15,458,0,0
37251,40.099,1351,15,467,0,0
37501,40.546,1338,15,458,0,0
37751,41.032,1290,15,464,0,0
38001,41.506,1248,13,468,0,0
38251,42.026,1219,13,485,0,0
38501,42.52,1173,14,496,0,0
38751,43.033,1136,13,504,0,0
39001,43.553,1141,13,499,0,0
39251,44.04,1124,14,501,0,0
39501,44.582,1104,12,511,0,0
39751,45.071,1097,12,518,0,0
40001,45.606,1081,12,518,0,0
40251,46.131,1063,13,519,0,0
40501,46.666,1061,13,517,0,0
40751,47.15,1060,11,532,0,0
41001,47.668,1037,10,544,0,0
41251,48.182,1006,10,555,0,0
41501,48.681,1011,9,553,0,0
41751,49.238,995,9,557,0,0
42001,49.72,985,9,559,0,0
42251,50.347,948,9,572,0,0
42501,50.879,920,8,565,0,0
42751,51.382,908,7,560,0,0
43001,51.994,913,7,549,0,0
43251,52.547,907,8,572,0,0
43501,53.178,886,7,562,0,0
43751,53.73,859,6,568,0,0
44001,54.377,811,8,558,0,0
44251,55.02,785,10,560,0,0
44501,55.64,776,10,571,0,0
44751,56.307,779,8,572,0,0
45001,56.988,777,7,569,0,0
45251,57.57,762,8,579,0,0
45501,58.162,750,9,584,0,0
45751,58.787,714,10,583,0,0
46001,59.444,716,11,594,0,0
46251,60.084,696,11,620,0,0
46501,60.775,693,12,624,0,0
46751,61.403,684,12,637,0,0
47001,62.005,671,11,649,0,0
47251,62.666,671,10,662,0,0
47501,63.278,639,9,659,0,0
47751,63.984,595,10,666,0,0
48001,64.68,581,9,681,0,0
48251,65.4,571,8,684,0,0
48501,66.149,569,7,681,0,0
48751,66.903,568,7,668,0,0
49001,67.55,548,6,693,0,0
49251,68.296,553,6,694,0,0
49501,69.007,547,5,711,0,0
49751,69.67,545,5,721,0,0
50001,70.286,530,7,738,0,0
50251,70.968,503,7,741,0,0
50501,71.654,496,6,753,0,0
50751,72.377,486,8,761,0,0
51001,73.009,476,9,756,0,0
51251,73.768,462,9,778,0,0
51501,74.507,456,11,742,0,0
51751,75.319,455,10,732,0,0
52001,76.145,449,11,709,0,0
52251,76.899,413,12,706,0,0
52501,77.749,390,12,707,0,0
52751,78.656,389,13,715,0,0
53001,79.417,388,12,729,0,0
53251,80.164,396,11,736,0,0
53501,80.976,402,11,748,0,0
53751,81.792,389,10,730,0,0
54001,82.554,380,12,749,0,0
54251,83.316,381,14,768,0,0
54501,84.082,363,13,801,0,0
54751,84.856,363,13,819,0,0
55001,85.551,366,15,830,0,0
55251,86.341,352,14,843,0,0
55501,87.133,341,12,858,0,0
55751,87.834,332,14,887,0,0
56001,88.559,325,13,907,0,0
56251,89.21,321,14,912,0,0
56501,89.899,319,12,882,0,0
56751,90.637,310,15,888,0,0
57001,91.406,291,14,862,0,0
57251,92.129,296,12,851,0,0
57501,92.778,276,10,881,0,0
57751,93.52,286,9,896,0,0
58001,94.237,273,9,893,0,0
58251,94.934,274,9,898,0,0
58501,95.754,267,7,901,0,0
58751,96.575,252,9,888,0,0
59001,97.316,255,8,892,0,0
59251,98.17,261,8,892,0,0
59501,98.94,258,11,884,0,0
59751,99.752,251,8,886,0,0
60001,100.61,229,9,907,0,0
60251,101.39,223,8,912,0,0
60501,102.19,224,7,914,0,0
60751,102.95,208,7,928,0,0
61001,103.76,199,8,908,0,0
61251,104.55,195,8,912,0,0
61501,105.37,189,9,897,0,0
61751,106.22,185,9,907,0,0
62001,107.01,183,12,916,0,0
62251,107.74,197,9,915,0,0
62501,108.54,191,8,924,0,0
62751,109.31,195,6,924,0,0
63001,110.2,188,6,941,0,0
63251,111.02,192,4,947,0,0
63501,111.76,180,2,967,0,0
63751,112.53,180,2,963,0,0
64001,113.32,162,2,989,0,0
64251,114.18,154,4,979,0,0
64501,114.97,154,5,972,0,0
64751,115.76,143,5,987,0,0
65001,116.48,138,5,992,0,0
65251,117.25,123,5,997,0,0
65501,118.04,115,6,1000,0,0
65751,118.85,112,6,985,0,0
66001,119.68,102,7,998,0,0
66251,120.51,95,5,1011,0,0
66501,121.32,103,3,1023,0,0
66751,122.18,96,3,1042,0,0
67001,122.98,93,3,1059,0,0
67251,123.81,84,3,1058,0,0
67501,124.63,87,3,1057,0,0
67751,125.43,88,3,1054,0,0
68001,126.18,97,3,1055,0,0
68251,127,95,3,1045,0,0
68501,127.88,89,3,1051,0,0
68751,128.71,81,3,1025,0,0
69001,129.52,87,3,1041,0,0
69251,130.29,86,4,1053,0,0
69501,131.11,87,3,1067,0,0
69751,131.91,87,4,1086,0,0
70001,132.67,80,4,1107,0,0
70251,133.42,76,6,1139,0,0
70501,134.23,72,7,1148,0,0
70751,134.93,71,8,1190,0,0
71001,135.69,72,8,1187,0,0
71251,136.39,74,6,1193,0,0
71501,137.11,73,5,1199,0,0
71751,137.77,76,4,1193,0,0
72001,138.47,69,4,1194,0,0
72251,139.18,64,5,1196,0,0
72501,139.89,64,4,1197,0,0
72751,140.62,68,4,1175,0,0
73001,141.39,74,4,1173,0,0
73251,142.04,76,5,1168,0,0
73501,142.67,74,6,1155,0,0
73751,143.4,74,5,1148,0,0
74001,144.12,68,5,1154,0,0
74251,144.89,60,6,1177,0,0
74501,145.53,60,6,1183,0,0
74751,146.22,67,6,1192,0,0
75001,146.98,67,6,1212,0,0
75251,147.69,69,8,1246,0,0
75501,148.37,69,7,1231,0,0
75751,149.05,70,7,1228,0,0
76001,149.71,68,6,1231,0,0
76251,150.36,64,5,1232,0,0
76501,151.07,62,5,1262,0,0
76751,151.78,62,5,1256,0,0
77001,152.46,69,6,1280,0,0
77251,153.17,70,7,1274,0,0
77501,153.85,68,9,1272,0,0
77751,154.54,64,8,1295,0,0
78001,155.21,65,7,1319,0,0
78251,155.87,65,6,1326,0,0
78501,156.58,61,6,1314,0,0
78751,157.27,62,5,1342,0,0
79001,157.98,68,5,1308,0,0
79251,158.66,66,5,1294,0,0
79501,159.33,61,5,1315,0,0
79751,159.97,70,5,1324,0,0
80001,160.66,76,7,1318,0,0
80251,161.26,75,7,1335,0,0
80501,161.91,75,7,1359,0,0
80751,162.56,72,6,1371,0,0
81001,163.27,74,6,1381,0,0
81251,163.86,69,5,1395,0,0
81501,164.53,71,4,1420,0,0
81751,165.19,70,5,1430,0,0
82001,165.83,67,4,1428,0,0
82251,166.42,63,4,1426,0,0
82501,167.06,66,4,1441,0,0
82751,167.71,67,4,1450,0,0
83001,168.29,68,4,1461,0,0
83251,168.88,71,3,1459,0,0
83501,169.43,69,3,1469,0,0
83751,170.03,66,3,1492,0,0
84001,170.61,69,3,1491,0,0
84251,171.23,65,4,1516,0,0
84501,171.82,67,4,1512,0,0
84751,172.44,74,4,1519,0,0
85001,172.99,69,5,1507,0,0
85251,173.68,66,5,1498,0,0
85501,174.25,63,3,1513,0,0
85751,174.81,61,3,1507,0,0
86001,175.42,59,2,1544,0,0
86251,176.01,58,2,1545,0,0
86501,176.56,53,2,1566,0,0
86751,177.09,55,1,1609,0,0
87001,177.64,54,1,1600,0,0
87251,178.21,54,2,1599,0,0
87501,178.74,52,2,1587,0,0
87751,179.36,48,2,1569,0,0
88001,179.86,48,2,1621,0,0
88251,180.38,49,2,1614,0,0
88501,180.9,48,1,1624,0,0
88751,181.48,44,1,1640,0,0
89001,182.07,42,1,1628,0,0
89251,182.61,41,1,1613,0,0
89501,183.13,39,1,1631,0,0
89751,183.66,40,1,1644,0,0
90001,184.23,42,1,1646,0,0
90251,184.78,41,1,1659,0,0
90501,185.3,39,0,1668,0,0
90751,185.87,36,0,1695,0,0
91001,186.4,35,0,1724,0,0
91251,186.84,33,0,1734,0,0
91501,187.41,34,0,1749,0,0
91751,187.9,36,0,1767,0,0
92001,188.38,35,0,1768,0,0
92251,188.92,36,0,1751,0,0
92501,189.43,31,0,1750,0,0
92751,189.93,27,0,1746,0,0
93001,190.47,24,0,1787,0,0
93251,191.02,26,0,1775,0,0
93501,191.5,28,0,1779,0,0
93751,192.04,24,0,1797,0,0
94001,192.49,27,0,1808,0,0
94251,192.98,28,0,1795,0,0
94501,193.48,28,0,1817,0,0
94751,194.02,29,0,1824,0,0
95001,194.58,28,0,1825,0,0
95251,195.08,29,0,1860,0,0
95501,195.54,27,0,1864,0,0
95751,196.01,25,0,1868,0,0
96001,196.49,23,0,1894,0,0
96251,196.95,22,0,1925,0,0
96501,197.43,20,0,1959,0,0
96751,197.88,17,0,1950,0,0
97001,198.36,14,0,1973,0,0
97251,198.84,13,0,1986,0,0
97501,199.31,12,0,2025,0,0
97751,199.78,13,0,2048,0,0
98001,200.24,13,0,2032,0,0
98251,200.69,13,0,2058,0,0
98501,201.13,14,0,2073,0,0
98751,201.6,13,0,2086,0,0
99001,202,13,0,2094,0,0
99251,202.42,15,0,2108,0,0
99501,202.88,14,0,2115,0,0
99751,203.32,13,0,2126,0,0
1e+05,203.73,14,0,2131,0,0
1.0025e+05,204.16,17,0,2114,0,0
1.005e+05,204.6,16,0,2129,0,0
1.0075e+05,205.06,16,0,2151,0,0
1.01e+05,205.49,14,0,2143,0,0
1.0125e+05,205.92,13,0,2156,0,0
1.015e+05,206.37,13,0,2170,0,0
1.0175e+05,206.79,13,0,2204,0,0
1.02e+05,207.2,12,0,2213,0,0
1.0225e+05,207.61,14,0,2221,0,0
1.025e+05,208.07,14,0,2221,0,0
1.0275e+05,208.51,14,0,2231,0,0
1.03e+05,208.93,14,0,2221,0,0
1.0325e+05,209.36,13,0,2236,0,0
1.035e+05,209.77,12,0,2231,0,0
1.0375e+05,210.18,12,0,2243,0,0
1.04e+05,210.54,11,0,2236,0,0
1.0425e+05,210.95,12,0,2239,0,0
1.045e+05,211.34,13,0,2250,0,0
1.0475e+05,211.74,13,0,2238,0,0
1.05e+05,212.16,14,0,2259,0,0
1.0525e+05,212.57,12,0,2283,0,0
1.055e+05,212.99,11,0,2302,0,0
1.0575e+05,213.37,13,0,2294,0,0
1.06e+05,213.79,13,0,2334,0,0
1.0625e+05,214.16,16,0,2347,0,0
1.065e+05,214.54,16,0,2333,0,0
1.0675e+05,214.91,16,0,2339,0,0
1.07e+05,215.29,18,0,2347,0,0
1.0725e+05,215.71,20,0,2371,0,0
1.075e+05,216.1,18,0,2379,0,0
1.0775e+05,216.46,19,0,2384,0,0
1.08e+05,216.85,19,0,2392,0,0
1.0825e+05,217.24,19,0,2438,0,0
1.085e+05,217.62,19,0,2444,0,0
1.0875e+05,217.97,19,0,2468,0,0
1.09e+05,218.34,17,0,2478,0,0
1.0925e+05,218.68,17,0,2476,0,0
1.095e+05,219.02,18,0,2467,0,0
1.0975e+05,219.37,18,0,2497,0,0
1.1e+05,219.75,17,0,2508,0,0
1.1025e+05,220.09,17,0,2514,0,0
1.105e+05,220.44,16,0,2525,0,0
1.1075e+05,220.83,16,0,2523,0,0
1.11e+05,221.19,15,0,2522,0,0
1.1125e+05,221.56,15,0,2542,0,0
1.115e+05,221.94,14,0,2533,0,0
1.1175e+05,222.24,15,0,2556,0,0
1.12e+05,222.61,15,0,2586,0,0
1.1225e+05,222.94,16,0,2617,0,0
1.125e+05,223.29,17,0,2616,0,0
1.1275e+05,223.62,17,0,2630,0,0
1.13e+05,223.97,17,0,2644,0,0
1.1325e+05,224.3,17,0,2656,0,0
1.135e+05,224.63,15,0,2664,0,0
1.1375e+05,224.99,14,0,2693,0,0
1.14e+05,225.32,15,0,2690,0,0
1.1425e+05,225.62,15,0,2708,0,0
1.145e+05,225.93,16,0,2735,0,0
1.1475e+05,226.23,14,0,2757,0,0
1.15e+05,226.57,13,0,2760,0,0
1.1525e+05,226.89,14,0,2767,0,0
1.155e+05,227.23,14,0,2767,0,0
1.1575e+05,227.56,16,0,2775,0,0
1.16e+05,227.87,16,0,2771,0,0
1.1625e+05,228.18,16,0,2787,0,0
1.165e+05,228.51,15,0,2790,0,0
1.1675e+05,228.85,14,0,2817,0,0
1.17e+05,229.15,12,0,2857,0,0
1.1725e+05,229.47,12,0,2869,0,0
1.175e+05,229.79,12,0,2875,0,0
1.1775e+05,230.12,13,0,2902,0,0
1.18e+05,230.42,13,0,2902,0,0
1.1825e+05,230.74,14,0,2917,0,0
1.185e+05,231.06,12,0,2935,0,0
1.1875e+05,231.36,14,0,2949,0,0
1.19e+05,231.68,15,0,2950,0,0
1.1925e+05,231.99,14,0,2923,0,0
1.195e+05,232.27,15,0,2934,0,0
1.1975e+05,232.61,16,0,2935,0,0
1.2e+05,232.91,15,0,2966,0,0
1.2025e+05,233.24,16,0,3025,0,0
1.205e+05,233.56,17,0,3008,0,0
1.2075e+05,233.88,17,0,2994,0,0
1.21e+05,234.2,18,0,3025,0,0
1.2125e+05,234.54,16,0,3029,0,0
1.215e+05,234.84,18,0,3067,0,0
1.2175e+05,235.14,19,0,3088,0,0
1.22e+05,235.45,18,0,3079,0,0
1.2225e+05,235.75,16,0,3083,0,0
1.225e+05,236.06,16,0,3097,0,0
1.2275e+05,236.35,14,0,3119,0,0
1.23e+05,236.65,12,0,3147,0,0
1.2325e+05,236.96,14,0,3177,0,0
1.235e+05,237.27,15,0,3162,0,0
1.2375e+05,237.56,15,0,3166,0,0
1.24e+05,237.85,14,0,3193,0,0
1.2425e+05,238.15,15,0,3202,0,0
1.245e+05,238.44,14,0,3219,0,0
1.2475e+05,238.72,15,0,3234,0,0
1.25e+05,239.01,16,0,3263,0,0
1.2525e+05,239.29,15,0,3276,0,0
1.255e+05,239.59,14,0,3265,0,0
1.2575e+05,239.87,14,0,3271,0,0
1.26e+05,240.16,14,0,3237,0,0
1.2625e+05,240.44,15,0,3236,0,0
1.265e+05,240.7,16,0,3249,0,0
1.2675e+05,241,16,0,3275,0,0
1.27e+05,241.29,17,0,3306,0,0
1.2725e+05,241.57,15,0,3294,0,0
1.275e+05,241.88,15,0,3296,0,0
1.2775e+05,242.16,15,0,3300,0,0
1.28e+05,242.45,15,0,3328,0,0
1.2825e+05,242.73,15,0,3324,0,0
1.285e+05,242.99,15,0,3310,0,0
1.2875e+05,243.28,15,0,3320,0,0
1.29e+05,243.58,17,0,3342,0,0
1.2925e+05,243.9,15,0,3336,0,0
1.295e+05,244.19,15,0,3326,0,0
1.2975e+05,244.46,14,0,3331,0,0
1.3e+05,244.73,13,0,3322,0,0
1.3025e+05,245.04,12,0,3327,0,0
1.305e+05,245.32,12,0,3333,0,0
1.3075e+05,245.63,11,0,3348,0,0
1.31e+05,245.93,11,0,3372,0,0
1.3125e+05,246.19,11,0,3416,0,0
1.315e+05,246.45,11,0,3466,0,0
1.3175e+05,246.71,12,0,3485,0,0
1.32e+05,246.98,11,0,3512,0,0
1.3225e+05,247.25,10,0,3521,0,0
1.325e+05,247.52,10,0,3529,0,0
1.3275e+05,247.78,10,0,3527,0,0
1.33e+05,248.03,10,0,3531,0,0
1.3325e+05,248.28,11,0,3548,0,0
1.335e+05,248.56,11,0,3570,0,0
1.3375e+05,248.84,11,0,3592,0,0
1.34e+05,249.1,12,0,3609,0,0
1.3425e+05,249.36,11,0,3628,0,0
1.345e+05,249.61,11,0,3660,0,0
1.3475e+05,249.85,11,0,3664,0,0
1.35e+05,250.11,14,0,3657,0,0
1.3525e+05,250.37,14,0,3661,0,0
1.355e+05,250.64,12,0,3673,0,0
1.3575e+05,250.88,12,0,3659,0,0
1.36e+05,251.13,13,0,3670,0,0
1.3625e+05,251.38,12,0,3697,0,0
1.365e+05,251.63,12,0,3715,0,0
1.3675e+05,251.85,12,0,3735,0,0
1.37e+05,252.1,13,0,3748,0,0
1.3725e+05,252.34,13,0,3786,0,0
1.375e+05,252.58,12,0,3785,0,0
1.3775e+05,252.81,12,0,3773,0,0
1.38e+05,253.05,11,0,3766,0,0
1.3825e+05,253.32,10,0,3803,0,0
1.385e+05,253.55,11,0,3814,0,0
1.3875e+05,253.82,12,0,3801,0,0
1.39e+05,254.06,12,0,3789,0,0
1.3925e+05,254.29,12,0,3789,0,0
1.395e+05,254.56,12,0,3801,0,0
1.3975e+05,254.79,13,0,3814,0,0
1.4e+05,255.02,14,0,3843,0,0
1.4025e+05,255.28,14,0,3853,0,0
1.405e+05,255.53,15,0,3880,0,0
1.4075e+05,255.77,16,0,3907,0,0
1.41e+05,256.01,16,0,3909,0,0
1.4125e+05,256.25,16,0,3937,0,0
1.415e+05,256.46,16,0,3949,0,0
1.4175e+05,256.69,18,0,3963,0,0
1.42e+05,256.92,18,0,3995,0,0
1.4225e+05,257.14,19,0,3978,0,0
1.425e+05,257.34,20,0,3981,0,0
1.4275e+05,257.55,20,0,3985,0,0
1.43e+05,257.75,20,0,3995,0,0
1.4325e+05,257.98,20,0,3967,0,0
1.435e+05,258.17,20,0,3949,0,0
1.4375e+05,258.38,19,0,3954,0,0
1.44e+05,258.59,19,0,3956,0,0
1.4425e+05,258.78,19,0,3934,0,0
1.445e+05,258.99,18,0,3921,0,0
1.4475e+05,259.19,17,0,3924,0,0
1.45e+05,259.38,18,0,3919,0,0
1.4525e+05,259.59,19,0,3888,0,0
1.455e+05,259.79,18,0,3895,0,0
1.4575e+05,259.98,17,0,3880,0,0
1.46e+05,260.17,17,0,3848,0,0
1.4625e+05,260.37,18,0,3801,0,0
1.465e+05,260.56,19,0,3756,0,0
1.465e+05,260.56,19,0,3755,0,0
1.4675e+05,260.77,19,0,3720,0,0
1.47e+05,260.98,19,0,3724,0,0
1.4725e+05,261.19,18,0,3711,0,0
1.475e+05,261.39,18,0,3721,0,0
1.4775e+05,261.58,17,0,3688,0,0
1.4775e+05,261.58,17,0,3687,0,0
1.48e+05,261.77,16,0,3667,0,0
1.4825e+05,261.98,16,0,3671,0,0
1.485e+05,262.19,16,0,3653,0,0
1.4875e+05,262.38,16,0,3619,0,0
1.49e+05,262.57,15,0,3588,0,0
1.4925e+05,262.78,15,0,3560,0,0
1.495e+05,262.99,16,0,3529,0,0
1.4975e+05,263.18,16,0,3525,0,0
1.5e+05,263.36,16,0,3541,0,0
1.5025e+05,263.54,14,0,3537,0,0
1.505e+05,263.73,14,0,3531,0,0
1.5075e+05,263.91,13,0,3512,0,0
1.51e+05,264.11,14,0,3469,0,0
1.5125e+05,264.3,13,0,3466,0,0
1.5125e+05,264.29,13,0,3467,0,0
1.515e+05,264.51,13,0,3430,0,0
1.5175e+05,264.7,14,0,3391,0,0
1.52e+05,264.91,14,0,3379,0,0
1.5225e+05,265.1,13,0,3366,0,0
1.525e+05,265.31,12,0,3335,0,0
1.5275e+05,265.49,13,0,3300,0,0
1.53e+05,265.7,15,0,3294,0,0
1.53e+05,265.7,15,0,3293,0,0
1.5325e+05,265.94,18,0,3291,0,0
1.535e+05,266.17,18,0,3257,0,0
1.5375e+05,266.36,17,0,3250,0,0
1.54e+05,266.55,17,0,3222,0,0
1.5425e+05,266.75,18,0,3217,0,0
1.545e+05,266.96,16,0,3201,0,0
1.545e+05,266.96,16,0,3200,0,0
1.5475e+05,267.16,15,0,3194,0,0
1.5475e+05,267.16,15,0,3195,0,0
1.55e+05,267.34,14,0,3175,0,0
1.5525e+05,267.53,13,0,3152,0,0
1.5525e+05,267.53,13,0,3153,0,0
1.5525e+05,267.53,13,0,3153,0,0
1.555e+05,267.73,13,0,3146,0,0
1.5575e+05,267.95,13,0,3130,0,0
1.56e+05,268.14,12,0,3121,0,0
1.5625e+05,268.32,12,0,3103,0,0
1.565e+05,268.53,12,0,3101,0,0
1.5675e+05,268.73,11,0,3080,0,0
1.57e+05,268.92,12,0,3045,0,0
1.5725e+05,269.14,12,0,3019,0,0
1.575e+05,269.34,12,0,3009,0,0
1.5775e+05,269.56,13,0,3036,0,0
1.58e+05,269.75,13,0,3036,0,0
1.58e+05,269.75,13,0,3035,0,0
1.58e+05,269.75,13,0,3035,0,0
1.58e+05,269.75,13,0,3035,0,0
1.5825e+05,269.97,12,0,3025,0,0
1.585e+05,270.18,12,0,3007,0,0
1.5875e+05,270.39,10,0,3021,0,0
1.5875e+05,270.39,10,0,3022,0,0
1.59e+05,270.57,9,0,2996,0,0
1.5925e+05,270.78,8,0,2959,0,0
1.595e+05,270.98,8,0,2945,0,0
1.5975e+05,271.16,8,0,2901,0,0
1.5975e+05,271.16,8,0,2900,0,0
1.6e+05,271.33,8,0,2865,0,0
1.6025e+05,271.53,8,0,2835,0,0
1.6025e+05,271.53,8,0,2834,0,0
1.605e+05,271.71,7,0,2796,0,0
1.6075e+05,271.91,6,0,2773,0,0
1.61e+05,272.09,6,0,2781,0,0
1.61e+05,272.09,6,0,2782,0,0
1.6125e+05,272.28,6,0,2783,0,0
1.6125e+05,272.28,6,0,2782,0,0
1.6125e+05,272.28,6,0,2782,0,0
1.615e+05,272.48,6,0,2733,0,0
1.615e+05,272.48,6,0,2734,0,0
1.6175e+05,272.67,5,0,2718,0,0
1.62e+05,272.89,5,0,2700,0,0
1.62e+05,272.89,5,0,2701,0,0
1.62e+05,272.89,5,0,2701,0,0
1.6225e+05,273.1,4,0,2647,0,0
1.625e+05,273.33,5,0,2600,0,0
1.6275e+05,273.59,5,0,2604,0,0
1.63e+05,273.79,5,0,2580,0,0
1.63e+05,273.79,5,0,2581,0,0
1.6325e+05,274.02,5,0,2588,0,0
1.635e+05,274.22,5,0,2588,0,0
1.6375e+05,274.43,5,0,2544,0,0
1.64e+05,274.66,5,0,2510,0,0
1.6425e+05,274.85,4,0,2495,0,0
1.6425e+05,274.86,4,0,2496,0,0
1.6425e+05,274.86,4,0,2496,0,0
1.645e+05,275.07,4,0,2449,0,0
1.645e+05,275.06,4,0,2448,0,0
1.6475e+05,275.24,4,0,2421,0,0
1.65e+05,275.42,4,0,2395,0,0
1.65e+05,275.42,4,0,2396,0,0
1.6525e+05,275.62,4,0,2367,0,0
1.655e+05,275.81,4,0,2359,0,0
1.655e+05,275.81,4,0,2360,0,0
1.655e+05,275.81,4,0,2360,0,0
1.655e+05,275.81,4,0,2360,0,0
1.6575e+05,276,3,0,2334,0,0
1.6575e+05,276,3,0,2335,0,0
1.6575e+05,276,3,0,2335,0,0
1.66e+05,276.19,4,0,2337,0,0
1.6625e+05,276.39,4,0,2353,0,0
1.665e+05,276.61,4,0,2339,0,0
1.665e+05,276.61,4,0,2340,0,0
1.6675e+05,276.82,4,0,2307,0,0
1.67e+05,277.06,3,0,2314,0,0
1.6725e+05,277.32,3,0,2286,0,0
1.6725e+05,277.32,3,0,2287,0,0
1.675e+05,277.57,1,0,2272,0,0
1.6775e+05,277.79,1,0,2240,0,0
1.68e+05,278.02,1,0,2254,0,0
1.6825e+05,278.24,1,0,2254,0,0
1.685e+05,278.46,1,0,2220,0,0
1.6875e+05,278.66,1,0,2196,0,0
1.69e+05,278.85,0,0,2175,0,0
1.69e+05,278.85,0,0,2176,0,0
1.69e+05,278.85,0,0,2176,0,0
1.6925e+05,279.07,0,0,2139,0,0
1.6925e+05,279.07,0,0,2138,0,0
1.695e+05,279.27,0,0,2131,0,0
1.695e+05,279.27,0,0,2130,0,0
1.6975e+05,279.45,0,0,2119,0,0
1.6975e+05,279.45,0,0,2120,0,0
1.6975e+05,279.45,0,0,2120,0,0
1.7e+05,279.62,0,0,2107,0,0
1.7025e+05,279.81,0,0,2105,0,0
1.705e+05,280,0,0,2103,0,0
1.705e+05,280,0,0,2104,0,0
1.7075e+05,280.21,0,0,2071,0,0
1.71e+05,280.4,0,0,2029,0,0
1.7125e+05,280.62,0,0,1999,0,0
1.715e+05,280.85,0,0,1967,0,0
1.715e+05,280.85,0,0,1968,0,0
1.7175e+05,281.09,0,0,1951,0,0
1.72e+05,281.31,0,0,1949,0,0
1.72e+05,281.32,0,0,1948,0,0
1.72e+05,281.32,0,0,1948,0,0
1.7225e+05,281.57,0,0,1915,0,0
1.725e+05,281.83,0,0,1915,0,0
1.7275e+05,282.08,0,0,1879,0,0
1.7275e+05,282.08,0,0,1878,0,0
1.7275e+05,282.08,0,0,1878,0,0
1.73e+05,282.33,0,0,1851,0,0
1.7325e+05,282.56,0,0,1841,0,0
1.7325e+05,282.56,0,0,1842,0,0
1.7325e+05,282.56,0,0,1842,0,0
1.735e+05,282.78,0,0,1839,0,0
1.7375e+05,283.01,0,0,1809,0,0
1.74e+05,283.21,0,0,1781,0,0
1.74e+05,283.21,0,0,1780,0,0
1.7425e+05,283.42,0,0,1761,0,0
1.7425e+05,283.42,0,0,1760,0,0
1.7425e+05,283.42,0,0,1760,0,0
1.7425e+05,283.42,0,0,1760,0,0
1.745e+05,283.63,0,0,1723,0,0
1.745e+05,283.63,0,0,1724,0,0
1.745e+05,283.63,0,0,1724,0,0
1.745e+05,283.63,0,0,1724,0,0
1.745e+05,283.63,0,0,1724,0,0
1.745e+05,283.63,0,0,1724,0,0
1.745e+05,283.63,0,0,1724,0,0
1.7475e+05,283.84,0,0,1721,0,0
1.7475e+05,283.84,0,0,1720,0,0
1.75e+05,284.06,0,0,1679,0,0
1.7525e+05,284.29,0,0,1657,0,0
1.755e+05,284.55,0,0,1647,0,0
1.7575e+05,284.83,0,0,1623,0,0
1.76e+05,285.11,0,0,1607,0,0
1.76e+05,285.11,0,0,1608,0,0
1.7625e+05,285.39,0,0,1581,0,0
1.7625e+05,285.39,0,0,1582,0,0
1.7625e+05,285.4,0,0,1582,0,0
1.7625e+05,285.39,0,0,1582,0,0
1.7625e+05,285.39,0,0,1582,0,0
1.765e+05,285.67,0,0,1565,0,0
1.765e+05,285.67,0,0,1566,0,0
1.765e+05,285.67,0,0,1566,0,0
1.7675e+05,285.95,0,0,1547,0,0
1.77e+05,286.28,0,0,1529,0,0
1.77e+05,286.27,0,0,1528,0,0
1.77e+05,286.27,0,0,1528,0,0
1.7725e+05,286.57,0,0,1531,0,0
1.775e+05,286.88,0,0,1517,0,0
1.7775e+05,287.17,0,0,1475,0,0
1.78e+05,287.42,0,0,1445,0,0
1.78e+05,287.43,0,0,1446,0,0
1.78e+05,287.43,0,0,1446,0,0
1.7825e+05,287.69,0,0,1421,0,0
1.785e+05,287.96,0,0,1401,0,0
1.7875e+05,288.24,0,0,1381,0,0
1.79e+05,288.47,0,0,1359,0,0
1.7925e+05,288.74,0,0,1345,0,0
1.7925e+05,288.74,0,0,1346,0,0
1.795e+05,289.02,0,0,1319,0,0
1.795e+05,289.02,0,0,1320,0,0
1.795e+05,289.02,0,0,1320,0,0
1.795e+05,289.03,0,0,1320,0,0
1.7975e+05,289.34,0,0,1321,0,0
1.7975e+05,289.35,0,0,1322,0,0
1.8e+05,289.72,0,0,1309,0,0
1.8e+05,289.72,0,0,1310,0,0
1.8e+05,289.72,0,0,1310,0,0
1.8025e+05,290.07,0,0,1289,0,0
1.8025e+05,290.07,0,0,1288,0,0
1.805e+05,290.45,0,0,1263,0,0
1.805e+05,290.45,0,0,1262,0,0
1.8075e+05,290.86,0,0,1215,0,0
1.81e+05,291.32,0,0,1233,0,0
1.8125e+05,291.74,0,0,1217,0,0
1.8125e+05,291.74,0,0,1216,0,0
1.815e+05,292.16,0,0,1205,0,0
1.8175e+05,292.54,0,0,1195,0,0
1.8175e+05,292.54,0,0,1196,0,0
1.8175e+05,292.54,0,0,1196,0,0
1.8175e+05,292.54,0,0,1196,0,0
1.82e+05,292.9,0,0,1179,0,0
1.8225e+05,293.24,0,0,1173,0,0
1.825e+05,293.58,0,0,1153,0,0
1.8275e+05,293.9,0,0,1127,0,0
1.8275e+05,293.9,0,0,1128,0,0
1.8275e+05,293.9,0,0,1128,0,0
1.8275e+05,293.9,0,0,1128,0,0
1.8275e+05,293.9,0,0,1128,0,0
1.83e+05,294.22,0,0,1109,0,0
1.8325e+05,294.57,0,0,1107,0,0
1.8325e+05,294.57,0,0,1106,0,0
1.8325e+05,294.57,0,0,1106,0,0
1.8325e+05,294.57,0,0,1106,0,0
1.835e+05,294.87,0,0,1077,0,0
1.8375e+05,295.22,0,0,1059,0,0
1.8375e+05,295.22,0,0,1058,0,0
1.84e+05,295.61,0,0,1041,0,0
1.8425e+05,296.05,0,0,1031,0,0
1.845e+05,296.54,0,0,1025,0,0
1.8475e+05,297.08,0,0,999,0,0
1.85e+05,297.69,0,0,979,0,0
1.85e+05,297.69,0,0,978,0,0
1.85e+05,297.69,0,0,978,0,0
1.85e+05,297.69,0,0,978,0,0
1.85e+05,297.69,0,0,978,0,0
1.8525e+05,298.38,0,0,995,0,0
1.855e+05,299.01,0,0,981,0,0
1.855e+05,299.01,0,0,982,0,0
1.8575e+05,299.57,0,0,957,0,0
1.86e+05,300.15,0,0,967,0,0
1.8625e+05,300.73,0,0,941,0,0
1.865e+05,301.31,0,0,967,0,0
1.865e+05,301.31,0,0,966,0,0
1.865e+05,301.31,0,0,966,0,0
1.865e+05,301.31,0,0,966,0,0
1.8675e+05,301.77,0,0,965,0,0
1.8675e+05,301.77,0,0,964,0,0
1.8675e+05,301.78,0,0,964,0,0
1.8675e+05,301.77,0,0,964,0,0
1.87e+05,302.24,0,0,943,0,0
1.87e+05,302.23,0,0,944,0,0
1.87e+05,302.24,0,0,944,0,0
1.87e+05,302.23,0,0,944,0,0
1.8725e+05,302.66,0,0,945,0,0
1.8725e+05,302.67,0,0,946,0,0
1.875e+05,303.1,0,0,937,0,0
1.8775e+05,303.51,0,0,909,0,0
1.88e+05,304.01,0,0,901,0,0
1.88e+05,304.01,0,0,902,0,0
1.8825e+05,304.52,0,0,877,0,0
1.8825e+05,304.52,0,0,878,0,0
1.8825e+05,304.52,0,0,878,0,0
1.885e+05,305.1,0,0,867,0,0
1.8875e+05,305.7,0,0,851,0,0
1.89e+05,306.33,0,0,843,0,0
1.8925e+05,307.06,0,0,805,0,0
1.8925e+05,307.06,0,0,806,0,0
1.895e+05,307.76,0,0,791,0,0
1.8975e+05,308.65,0,0,781,0,0
1.9e+05,309.59,0,0,747,0,0
1.9025e+05,310.51,0,0,761,0,0
1.905e+05,311.48,0,0,745,0,0
1.9075e+05,312.27,0,0,743,0,0
1.91e+05,313.02,0,0,749,0,0
1.9125e+05,313.62,0,0,777,0,0
1.915e+05,314.19,0,0,755,0,0
1.915e+05,314.19,0,0,754,0,0
1.9175e+05,314.72,0,0,753,0,0
1.92e+05,315.26,0,0,739,0,0
1.9225e+05,315.86,0,0,701,0,0
1.925e+05,316.56,0,0,689,0,0
1.9275e+05,317.2,0,0,669,0,0
1.93e+05,318.05,0,0,647,0,0
1.9325e+05,318.96,0,0,631,0,0
1.9325e+05,318.96,0,0,630,0,0
1.935e+05,319.99,0,0,637,0,0
1.9375e+05,321,0,0,623,0,0
1.94e+05,322.23,0,0,595,0,0
1.9425e+05,323.34,0,0,577,0,0
1.945e+05,324.72,0,0,557,0,0
1.9475e+05,325.97,0,0,555,0,0
1.95e+05,327.33,0,0,535,0,0
1.9525e+05,328.78,0,0,509,0,0
1.955e+05,330.24,0,0,473,0,0
1.9575e+05,331.46,0,0,437,0,0
1.96e+05,332.36,0,0,421,0,0
1.96e+05,332.36,0,0,422,0,0
1.9625e+05,333.17,0,0,437,0,0
1.965e+05,334.07,0,0,433,0,0
1.9675e+05,335.12,0,0,409,0,0
1.9675e+05,335.12,0,0,410,0,0
1.97e+05,336.34,0,0,409,0,0
1.9725e+05,338.01,0,0,401,0,0
1.9725e+05,338.02,0,0,402,0,0
1.975e+05,339.93,0,0,373,0,0
1.975e+05,339.94,0,0,374,0,0
1.9775e+05,342.15,0,0,357,0,0
1.98e+05,344.36,0,0,329,0,0
1.9825e+05,346.48,0,0,317,0,0
1.9825e+05,346.48,0,0,316,0,0
1.985e+05,348.93,0,0,313,0,0
1.9875e+05,351.62,0,0,279,0,0
1.99e+05,354.86,0,0,271,0,0
1.9925e+05,358.1,0,0,259,0,0
1.995e+05,361.9,0,0,231,0,0
1.9975e+05,365.45,0,0,205,0,0
2e+05,370.08,0,0,181,0,0
2.0025e+05,373.96,0,0,149,0,0
2.005e+05,376.59,0,0,133,0,0
2.005e+05,376.59,0,0,134,0,0
2.0075e+05,380.97,0,0,109,0,0
2.01e+05,387.16,0,0,113,0,0
2.0125e+05,393.81,0,0,91,0,0
2.015e+05,403.83,0,0,79,0,0
2.0175e+05,416.2,0,0,63,0,0
2.02e+05,433.81,0,0,33,0,0
2.0221e+05,498.87,0,0,0,0,0
